Organization,Followed On
Genpact,Sun Oct 16 21:31:02 UTC 2022
KPMG India,Sun Oct 16 21:26:33 UTC 2022
Coding Ninjas,Sun Oct 16 04:19:36 UTC 2022
CodersBrain,Fri Oct 14 17:14:24 UTC 2022
Unacademy,Wed Oct 12 14:44:17 UTC 2022
ShareChat,Wed Oct 12 14:44:12 UTC 2022
Ola,Wed Oct 12 14:44:10 UTC 2022
Meesho,Wed Oct 12 14:44:10 UTC 2022
Walmart Global Tech India,Wed Oct 12 14:44:08 UTC 2022
cure.fit (cult.fit),Wed Oct 12 14:44:07 UTC 2022
Crayon Data,Wed Oct 12 14:21:43 UTC 2022
Navi,Wed Oct 12 14:01:16 UTC 2022
Masai ,Wed Oct 12 14:00:39 UTC 2022
Women in Analytics (WIA),Mon Oct 10 12:33:37 UTC 2022
Women In Data,Mon Oct 10 12:31:16 UTC 2022
Women in Data Science (WiDS) Worldwide,Mon Oct 10 12:31:10 UTC 2022
Women in AI,Mon Oct 10 06:35:31 UTC 2022
ANALYTICSWITHANAND,Fri Oct 07 19:43:40 UTC 2022
noon,Thu Oct 06 19:39:53 UTC 2022
Gojek,Sat Aug 20 18:56:27 UTC 2022
Tiger Analytics,Wed Aug 03 08:21:26 UTC 2022
Fractal,Wed Aug 03 08:21:25 UTC 2022
codebasics,Mon Aug 01 14:49:25 UTC 2022
PwC,Thu Jun 09 16:21:25 UTC 2022
Airbnb,Thu Jun 09 16:21:14 UTC 2022
Meta AI,Thu Jun 09 16:21:12 UTC 2022
Morgan Stanley,Thu Jun 09 16:21:07 UTC 2022
DeepLearning.AI,Thu Jun 09 16:20:39 UTC 2022
Get Hired with GeeksforGeeks ,Thu Jun 09 16:20:35 UTC 2022
J.P. Morgan,Thu Jun 09 16:20:30 UTC 2022
Unilever,Thu Jun 09 16:20:26 UTC 2022
Meta,Thu Jun 09 16:20:24 UTC 2022
Myntra,Thu Jun 09 16:20:22 UTC 2022
Accenture in India,Mon Feb 14 06:09:14 UTC 2022
Yukthi Techsoft Pvt Ltd,Sun Jan 09 17:02:58 UTC 2022
The Nobel Prize,Tue Nov 16 13:19:54 UTC 2021
The Physics Indica,Thu Nov 11 11:45:57 UTC 2021
World Economic Forum,Sat Oct 30 12:30:43 UTC 2021
Texas Instruments,Wed Oct 13 06:42:19 UTC 2021
Defence Research and Development Laboratory (DRDL) - DRDO,Sun Sep 12 09:10:25 UTC 2021
"DRDO, Centre for Airborne Systems",Sun Sep 12 09:10:21 UTC 2021
ISRO - Indian Space Research Organization,Sun Sep 12 09:10:19 UTC 2021
BARC,Sun Sep 12 09:10:16 UTC 2021
"o9 Solutions, Inc.",Tue Sep 07 11:29:36 UTC 2021
CRED,Tue Sep 07 11:21:29 UTC 2021
Larsen & Toubro,Sat Sep 04 17:05:05 UTC 2021
Deloitte,Sat Sep 04 16:01:53 UTC 2021
NITK Surathkal Alumni Association,Sat Sep 04 14:23:36 UTC 2021
PhonePe,Sat Sep 04 14:21:37 UTC 2021
Zomato,Sat Aug 28 19:37:20 UTC 2021
Netflix,Sat Aug 28 19:37:14 UTC 2021
Walmart,Sat Aug 28 19:37:01 UTC 2021
Qualcomm,Sat Aug 28 19:36:59 UTC 2021
Adobe,Sat Aug 28 19:36:51 UTC 2021
Goldman Sachs,Sat Aug 28 19:36:46 UTC 2021
JPMorgan Chase & Co.,Sat Aug 28 19:36:38 UTC 2021
Cognizant,Sat Aug 28 19:35:20 UTC 2021
SpaceX,Sat Aug 28 18:35:29 UTC 2021
Siemens,Mon Aug 23 06:49:57 UTC 2021
Amazon Web Services (AWS),Mon Aug 23 06:49:47 UTC 2021
Cisco,Mon Aug 23 06:49:45 UTC 2021
NASA - National Aeronautics and Space Administration,Mon Aug 23 06:49:41 UTC 2021
Tesla,Sun Aug 22 17:38:05 UTC 2021
"IRIS, NITK",Sat Aug 21 10:07:37 UTC 2021
Coding Blocks,Sat Aug 21 10:07:31 UTC 2021
CodeChef,Sat Aug 21 10:07:30 UTC 2021
Citi India,Sat Aug 21 10:07:23 UTC 2021
GeeksforGeeks,Sat Aug 21 10:07:21 UTC 2021
HackerRank,Sat Aug 21 10:07:15 UTC 2021
[24]7.ai,Sat Aug 21 10:07:15 UTC 2021
Apple,Sat Aug 21 10:06:48 UTC 2021
Citi,Sat Aug 21 10:06:44 UTC 2021
LinkedIn,Sat Aug 21 10:06:37 UTC 2021
Microsoft,Sat Aug 21 10:06:36 UTC 2021
IBM,Sat Aug 21 10:06:35 UTC 2021
Oracle,Sat Aug 21 10:06:33 UTC 2021
Accenture,Sat Aug 21 10:06:31 UTC 2021
AstroCeNT,Fri Aug 20 17:18:26 UTC 2021
Morgan Stanley Inclusive Innovation and Opportunity,Mon Aug 16 07:48:01 UTC 2021
Figma,Sun Aug 08 09:28:34 UTC 2021
Flipkart,Wed Aug 04 06:59:49 UTC 2021
Google,Mon Aug 02 07:24:33 UTC 2021
Amazon,Mon Aug 02 07:24:14 UTC 2021
Philips,Mon Aug 02 07:22:26 UTC 2021
National Institute of Technology Karnataka,Sun Jul 18 12:20:43 UTC 2021
Chegg India,Wed May 26 12:52:56 UTC 2021
Free online courses - Coursenator ,Wed May 12 13:44:30 UTC 2021
LinkedIn News India,Wed May 12 13:07:44 UTC 2021